{
    "dataset": "Breast Cancer Wisconsin",
    "model": "classical MLP",
    "number_of_runs": 5,
    "split_seed": 42,
    "training_seeds": [
        42,
        123,
        456,
        789,
        2026
    ],
    "metrics": {
        "accuracy": {
            "mean": 0.9670588235294117,
            "standard_deviation": 0.00984305913569501,
            "minimum": 0.9529411764705882,
            "maximum": 0.9764705882352941
        },
        "precision_malignant": {
            "mean": 0.9868817204301076,
            "standard_deviation": 0.017966966515445514,
            "minimum": 0.9666666666666667,
            "maximum": 1.0
        },
        "recall_malignant": {
            "mean": 0.925,
            "standard_deviation": 0.01711632992203644,
            "minimum": 0.90625,
            "maximum": 0.9375
        },
        "f1_malignant": {
            "mean": 0.9548336732895167,
            "standard_deviation": 0.01350730691887592,
            "minimum": 0.9354838709677419,
            "maximum": 0.967741935483871
        },
        "specificity_benign": {
            "mean": 0.9924528301886791,
            "standard_deviation": 0.010334387877455962,
            "minimum": 0.9811320754716981,
            "maximum": 1.0
        },
        "best_epoch": {
            "mean": 33.0,
            "standard_deviation": 11.789826122551595,
            "minimum": 20.0,
            "maximum": 49.0
        },
        "best_validation_loss": {
            "mean": 0.09493255175780231,
            "standard_deviation": 0.002397222549705195,
            "minimum": 0.09181483775473145,
            "maximum": 0.09822184125591507
        },
        "epochs_completed": {
            "mean": 48.0,
            "standard_deviation": 11.789826122551595,
            "minimum": 35.0,
            "maximum": 64.0
        },
        "training_time_seconds": {
            "mean": 1.6989275199361145,
            "standard_deviation": 0.16232146277735904,
            "minimum": 1.525227899895981,
            "maximum": 1.9160549000371248
        }
    }
}