epoch,training_loss,validation_loss
1,0.7560540613972753,0.660622769243577
2,0.6281288529099677,0.5816862891702091
