epoch,training_loss,validation_loss
1,1.0856030935377587,0.996734835618844
2,1.0024789568633232,0.9034670262248969
